year,month,cases_vax
2020,1,0.0
2020,2,0.0
2020,3,0.0
2020,4,0.0
2020,5,0.0
2020,6,0.0
2020,7,0.0
2020,8,0.0
2020,9,0.0
2020,10,0.0
2020,11,0.0
2020,12,0.0
2021,1,2.0
2021,2,1.0
2021,3,326.0
2021,4,682.0
2021,5,4477.0
2021,6,10510.0
2021,7,79855.0
2021,8,287320.0
2021,9,301373.0
2021,10,52768.0
