year,month,cases_pvax
2020,1,0.0
2020,2,0.0
2020,3,0.0
2020,4,0.0
2020,5,0.0
2020,6,0.0
2020,7,0.0
2020,8,0.0
2020,9,0.0
2020,10,0.0
2020,11,0.0
2020,12,0.0
2021,1,2.0
2021,2,1.0
2021,3,321.0
2021,4,534.0
2021,5,2763.0
2021,6,7138.0
2021,7,62997.0
2021,8,194241.0
2021,9,100164.0
2021,10,9292.0
